{
  "attributes": {
    "state_mean": [
      0.009249361231923103,
      1.1280537843704224,
      -1.1874489784240723,
      0.062490977346897125,
      0.021770820021629333,
      0.2494429051876068,
      0.09814419597387314,
      -0.004647348541766405,
      0.07893364876508713,
      0.3855629563331604,
      0.10046837478876114,
      0.005385105963796377,
      0.05005022510886192,
      0.0
    ],
    "state_std": [
      0.36054733395576477,
      0.7731831669807434,
      0.7595353126525879,
      1.4125628471374512,
      0.34361550211906433,
      0.5374062657356262,
      0.02879975363612175,
      0.09154709428548813,
      0.0133355762809515,
      1.4415487051010132,
      0.029359299689531326,
      0.09225963801145554,
      1.3273001968627796e-05,
      9.999999974752427e-07
    ],
    "action_mean": [
      -3.828373351666414e-08,
      1.0476534271219862e-06,
      -7.841582032597216e-07,
      1.101284169635619e-06,
      -2.3144209535530536e-06,
      2.9548054953920655e-06
    ],
    "action_std": [
      0.007941638119518757,
      0.01234182994812727,
      0.013091403059661388,
      0.017907172441482544,
      0.0077307457104325294,
      0.014239726588129997
    ],
    "description": "Merged SO-ARM100 keyboard control dataset for Diffusion Policy",
    "control_method": "keyboard_teleop",
    "recording_frequency_hz": 10.0,
    "action_dim": 6,
    "state_dim": 14,
    "state_components": "6q1..q5, g, box(xyz,yaw), goal(xyz,yaw)",
    "action_components": "\u0394q1..\u0394q5 (arm), \u0394g (gripper)",
    "action_type": "delta_position",
    "created": "merged_2026-02-03T12:26:06",
    "total_frames": 55776,
    "total_episodes": 300,
    "robot": "SO-ARM100",
    "task": "pick_and_place",
    "dataset_format": "diffusion_policy_lowdim_v1",
    "has_normalization_stats": true,
    "has_images": false,
    "source_files": [
      "/home/gd/Desktop/6d_on_dp/diffusion_policy/data/so100_lowdim/14D/batches_0_1_2/20260202_142657.zarr",
      "/home/gd/Desktop/6d_on_dp/diffusion_policy/data/so100_lowdim/14D/batches_0_1_2/20260202_143343.zarr",
      "/home/gd/Desktop/6d_on_dp/diffusion_policy/data/so100_lowdim/14D/batches_0_1_2/20260202_144416.zarr",
      "/home/gd/Desktop/6d_on_dp/diffusion_policy/data/so100_lowdim/14D/batches_0_1_2/20260202_144856.zarr",
      "/home/gd/Desktop/6d_on_dp/diffusion_policy/data/so100_lowdim/14D/batches_0_1_2/20260202_145545.zarr",
      "/home/gd/Desktop/6d_on_dp/diffusion_policy/data/so100_lowdim/14D/batches_0_1_2/20260202_150128.zarr",
      "/home/gd/Desktop/6d_on_dp/diffusion_policy/data/so100_lowdim/14D/batches_0_1_2/20260202_150847.zarr",
      "/home/gd/Desktop/6d_on_dp/diffusion_policy/data/so100_lowdim/14D/batches_0_1_2/20260202_151422.zarr",
      "/home/gd/Desktop/6d_on_dp/diffusion_policy/data/so100_lowdim/14D/batches_0_1_2/20260202_152149.zarr",
      "/home/gd/Desktop/6d_on_dp/diffusion_policy/data/so100_lowdim/14D/batches_0_1_2/20260202_152642.zarr",
      "/home/gd/Desktop/6d_on_dp/diffusion_policy/data/so100_lowdim/14D/batches_0_1_2/20260202_153410.zarr",
      "/home/gd/Desktop/6d_on_dp/diffusion_policy/data/so100_lowdim/14D/batches_0_1_2/20260202_153918.zarr",
      "/home/gd/Desktop/6d_on_dp/diffusion_policy/data/so100_lowdim/14D/batches_0_1_2/20260202_154340.zarr",
      "/home/gd/Desktop/6d_on_dp/diffusion_policy/data/so100_lowdim/14D/batches_0_1_2/20260202_154815.zarr",
      "/home/gd/Desktop/6d_on_dp/diffusion_policy/data/so100_lowdim/14D/batches_0_1_2/20260202_161922.zarr",
      "/home/gd/Desktop/6d_on_dp/diffusion_policy/data/so100_lowdim/14D/batches_0_1_2/20260202_163029.zarr",
      "/home/gd/Desktop/6d_on_dp/diffusion_policy/data/so100_lowdim/14D/batches_0_1_2/20260202_163612.zarr",
      "/home/gd/Desktop/6d_on_dp/diffusion_policy/data/so100_lowdim/14D/batches_0_1_2/20260202_164044.zarr",
      "/home/gd/Desktop/6d_on_dp/diffusion_policy/data/so100_lowdim/14D/batches_0_1_2/20260202_164843.zarr",
      "/home/gd/Desktop/6d_on_dp/diffusion_policy/data/so100_lowdim/14D/batches_0_1_2/20260202_165423.zarr",
      "/home/gd/Desktop/6d_on_dp/diffusion_policy/data/so100_lowdim/14D/batches_0_1_2/20260203_163054.zarr",
      "/home/gd/Desktop/6d_on_dp/diffusion_policy/data/so100_lowdim/14D/batches_0_1_2/20260203_163815.zarr",
      "/home/gd/Desktop/6d_on_dp/diffusion_policy/data/so100_lowdim/14D/batches_0_1_2/20260203_164536.zarr",
      "/home/gd/Desktop/6d_on_dp/diffusion_policy/data/so100_lowdim/14D/batches_0_1_2/20260203_165203.zarr",
      "/home/gd/Desktop/6d_on_dp/diffusion_policy/data/so100_lowdim/14D/batches_0_1_2/20260203_170015.zarr",
      "/home/gd/Desktop/6d_on_dp/diffusion_policy/data/so100_lowdim/14D/batches_0_1_2/20260203_170522.zarr",
      "/home/gd/Desktop/6d_on_dp/diffusion_policy/data/so100_lowdim/14D/batches_0_1_2/20260203_171246.zarr",
      "/home/gd/Desktop/6d_on_dp/diffusion_policy/data/so100_lowdim/14D/batches_0_1_2/20260203_171910.zarr",
      "/home/gd/Desktop/6d_on_dp/diffusion_policy/data/so100_lowdim/14D/batches_0_1_2/20260203_172520.zarr",
      "/home/gd/Desktop/6d_on_dp/diffusion_policy/data/so100_lowdim/14D/batches_0_1_2/20260203_173326.zarr"
    ],
    "merge_timestamp": "2026-02-03T12:26:06",
    "source_state_means": [
      [
        -0.023497961461544037,
        1.0461937189102173,
        -1.10442054271698,
        -0.03666532039642334,
        0.043815433979034424,
        0.21766571700572968,
        0.09735095500946045,
        -0.004362917505204678,
        0.07871061563491821,
        0.5725038051605225,
        0.09072966128587723,
        -0.0064566428773105145,
        0.05006397143006325,
        0.0
      ],
      [
        -0.05897004157304764,
        1.1314384937286377,
        -1.1883268356323242,
        0.05253041163086891,
        0.03682423010468483,
        0.24899859726428986,
        0.09565778076648712,
        -0.02407076396048069,
        0.07955358922481537,
        0.5391783118247986,
        0.09109493345022202,
        -0.02002766542136669,
        0.05006396770477295,
        0.0
      ],
      [
        0.010084152221679688,
        1.137636661529541,
        -1.1993850469589233,
        0.10251299291849136,
        0.09725185483694077,
        0.27687302231788635,
        0.09349555522203445,
        -0.007779635023325682,
        0.07916375994682312,
        0.0865006372332573,
        0.1074768677353859,
        -0.020680008456110954,
        0.05006396025419235,
        0.0
      ],
      [
        0.035031650215387344,
        1.1710315942764282,
        -1.2491786479949951,
        0.12722253799438477,
        -0.012091491371393204,
        0.22732701897621155,
        0.10329291969537735,
        0.00545885507017374,
        0.07877224683761597,
        0.0056732576340436935,
        0.10483591258525848,
        0.05874554440379143,
        0.050063956528902054,
        0.0
      ],
      [
        0.00797884352505207,
        1.0598119497299194,
        -1.1283303499221802,
        0.03234683349728584,
        0.12740418314933777,
        0.27116626501083374,
        0.09829435497522354,
        -0.002489799866452813,
        0.07823178917169571,
        0.514999270439148,
        0.09945535659790039,
        -0.050086766481399536,
        0.050063956528902054,
        0.0
      ],
      [
        0.02831888198852539,
        1.0610272884368896,
        -1.1172221899032593,
        -0.0062533277086913586,
        -0.01688438467681408,
        0.22805598378181458,
        0.09303098917007446,
        -0.0014738166937604547,
        0.0782088115811348,
        -0.02419176697731018,
        0.0914493054151535,
        -0.013966935686767101,
        0.05006396025419235,
        0.0
      ],
      [
        -0.06583677232265472,
        1.112753987312317,
        -1.1788033246994019,
        0.025316251441836357,
        0.07474423199892044,
        0.2318451702594757,
        0.09857311099767685,
        -0.022797372192144394,
        0.07812900841236115,
        0.907400369644165,
        0.0970509797334671,
        0.002664675237610936,
        0.050063956528902054,
        0.0
      ],
      [
        0.03911993280053139,
        1.0819220542907715,
        -1.1430691480636597,
        0.010042616166174412,
        -0.004718811251223087,
        0.20480452477931976,
        0.0984550341963768,
        -0.003215476870536804,
        0.07969093322753906,
        0.27489224076271057,
        0.09370524436235428,
        -0.04576507955789566,
        0.050063956528902054,
        0.0
      ],
      [
        0.015279127284884453,
        1.1095631122589111,
        -1.180243730545044,
        0.07242540270090103,
        -0.007886603474617004,
        0.200197234749794,
        0.09566367417573929,
        -0.009937950409948826,
        0.07881492376327515,
        0.2130148857831955,
        0.10471350699663162,
        -0.010854126885533333,
        0.05006396025419235,
        0.0
      ],
      [
        -0.03757283836603165,
        1.1377395391464233,
        -1.221104383468628,
        0.09990914165973663,
        0.07282624393701553,
        0.2321455031633377,
        0.10359565168619156,
        -0.02129153348505497,
        0.07880368083715439,
        0.5202809572219849,
        0.11017801612615585,
        -0.003458975115790963,
        0.050063956528902054,
        0.0
      ],
      [
        0.017761262133717537,
        1.1841273307800293,
        -1.2401994466781616,
        0.15180782973766327,
        0.06392692029476166,
        0.28840580582618713,
        0.09194331616163254,
        -0.0024021160788834095,
        0.07851770520210266,
        0.19646286964416504,
        0.09085297584533691,
        -0.01851932890713215,
        0.05006396025419235,
        0.0
      ],
      [
        0.05354822799563408,
        1.2025505304336548,
        -1.284316062927246,
        0.21468640863895416,
        -0.04747721552848816,
        0.296823650598526,
        0.09832405298948288,
        0.0058664968237280846,
        0.07829349488019943,
        0.5605756044387817,
        0.11460359394550323,
        0.0468299463391304,
        0.05006396397948265,
        0.0
      ],
      [
        0.015521173365414143,
        1.1987649202346802,
        -1.266952633857727,
        0.17828337848186493,
        0.09616591036319733,
        0.30069872736930847,
        0.10418493300676346,
        -0.004740830510854721,
        0.07873714715242386,
        0.1404494196176529,
        0.11812330037355423,
        0.00684222811833024,
        0.05006396025419235,
        0.0
      ],
      [
        0.031701136380434036,
        1.1243469715118408,
        -1.202169418334961,
        0.1419033408164978,
        0.004004706162959337,
        0.2538241446018219,
        0.08989997953176498,
        0.0015334873460233212,
        0.07855113595724106,
        0.18973548710346222,
        0.09107738733291626,
        0.02591654099524021,
        0.05006396397948265,
        0.0
      ],
      [
        0.026745377108454704,
        1.1894832849502563,
        -1.244195818901062,
        0.09390024840831757,
        -0.018506856635212898,
        0.2624424993991852,
        0.09943029284477234,
        0.003533969633281231,
        0.07829036563634872,
        0.48613572120666504,
        0.10519912093877792,
        0.041474223136901855,
        0.05006396025419235,
        0.0
      ],
      [
        -0.024785950779914856,
        1.136133074760437,
        -1.1838895082473755,
        0.07579907774925232,
        0.07484670728445053,
        0.26329758763313293,
        0.09903334826231003,
        -0.008534347638487816,
        0.07800351828336716,
        0.2715083360671997,
        0.10387291759252548,
        -0.006331645417958498,
        0.050063956528902054,
        0.0
      ],
      [
        0.030185535550117493,
        1.1857340335845947,
        -1.2642872333526611,
        0.0686940848827362,
        0.0299827940762043,
        0.2503226399421692,
        0.1128685399889946,
        0.0057196225970983505,
        0.0796433612704277,
        0.9425646662712097,
        0.11866987496614456,
        0.017980683594942093,
        0.050063952803611755,
        0.0
      ],
      [
        0.009939483366906643,
        1.1217776536941528,
        -1.157737374305725,
        0.016253219917416573,
        0.040639959275722504,
        0.21552231907844543,
        0.09504120796918869,
        -0.0055049569346010685,
        0.07840628176927567,
        0.3176686763763428,
        0.09403260052204132,
        -0.019348736852407455,
        0.050063952803611755,
        0.0
      ],
      [
        -0.0005159320426173508,
        1.025618076324463,
        -1.0531481504440308,
        -0.08569683879613876,
        0.07865776121616364,
        0.24494169652462006,
        0.0877218022942543,
        -0.008461637422442436,
        0.0789826437830925,
        0.7197550535202026,
        0.09887999296188354,
        0.009460288099944592,
        0.05006396025419235,
        0.0
      ],
      [
        0.0001392010017298162,
        1.0782591104507446,
        -1.1176762580871582,
        -0.02792726829648018,
        0.08167507499456406,
        0.25469982624053955,
        0.09600372612476349,
        0.0009078303701244295,
        0.07853779196739197,
        0.5976821184158325,
        0.09984135627746582,
        0.03492966294288635,
        0.050063952803611755,
        0.0
      ],
      [
        0.04301879182457924,
        1.1614965200424194,
        -1.168683648109436,
        -0.021332694217562675,
        0.002709023654460907,
        0.2735656797885895,
        0.11095759272575378,
        -0.0019953721202909946,
        0.07890152186155319,
        0.19338667392730713,
        0.09730072319507599,
        -0.014917313121259212,
        0.05006396025419235,
        0.0
      ],
      [
        0.01975923404097557,
        1.1628531217575073,
        -1.20880925655365,
        0.056000009179115295,
        0.025247594341635704,
        0.25858354568481445,
        0.10110235959291458,
        -0.00374540314078331,
        0.0785970389842987,
        0.7220819592475891,
        0.11460252106189728,
        0.016072332859039307,
        0.05006396397948265,
        0.0
      ],
      [
        0.021728623658418655,
        1.1241674423217773,
        -1.1632838249206543,
        0.08677858859300613,
        -0.08997803926467896,
        0.2517120838165283,
        0.09639231115579605,
        -0.0024711284786462784,
        0.0798553079366684,
        0.3861400783061981,
        0.09456199407577515,
        0.04157986491918564,
        0.05006396025419235,
        0.0
      ],
      [
        -0.017881570383906364,
        1.1491219997406006,
        -1.204751968383789,
        0.07049745321273804,
        0.009730950929224491,
        0.271797776222229,
        0.10597757995128632,
        -0.014178196899592876,
        0.0788712203502655,
        0.2153615653514862,
        0.10697712749242783,
        0.004026023205369711,
        0.05006396025419235,
        0.0
      ],
      [
        0.026353444904088974,
        1.1627767086029053,
        -1.219346284866333,
        0.060060810297727585,
        -0.05000438168644905,
        0.24062198400497437,
        0.0966106653213501,
        0.003227587090805173,
        0.08050981163978577,
        0.22045108675956726,
        0.07885776460170746,
        0.031122876331210136,
        0.05006396397948265,
        0.0
      ],
      [
        0.00806501042097807,
        1.1350321769714355,
        -1.2051665782928467,
        0.05917001888155937,
        -0.06907980144023895,
        0.2457030713558197,
        0.09204583615064621,
        -0.006559708621352911,
        0.07961118966341019,
        0.2443661093711853,
        0.08442423492670059,
        0.03680357709527016,
        0.050063956528902054,
        0.0
      ],
      [
        0.02732733264565468,
        1.1558804512023926,
        -1.2391839027404785,
        0.06745084375143051,
        -0.018545642495155334,
        0.23858679831027985,
        0.10614487528800964,
        0.008848927915096283,
        0.07906802743673325,
        0.33309969305992126,
        0.11018673330545425,
        0.05040079727768898,
        0.050063956528902054,
        0.0
      ],
      [
        0.04751158505678177,
        1.0731931924819946,
        -1.124854326248169,
        0.07832621783018112,
        0.004879732150584459,
        0.24654418230056763,
        0.08503072708845139,
        0.0005074106156826019,
        0.07921455055475235,
        0.5887446999549866,
        0.08969511836767197,
        -0.034394264221191406,
        0.05006396025419235,
        0.0
      ],
      [
        -0.0017289482057094574,
        1.117937445640564,
        -1.190176010131836,
        0.08383550494909286,
        -0.04768559709191322,
        0.27244967222213745,
        0.09999537467956543,
        -0.004263310227543116,
        0.0793137401342392,
        0.3819102346897125,
        0.10266013443470001,
        0.014710161834955215,
        0.050063956528902054,
        0.0
      ],
      [
        -0.0041734338738024235,
        1.1022229194641113,
        -1.1751667261123657,
        0.018773837015032768,
        0.07917569577693939,
        0.2121133804321289,
        0.09964711964130402,
        -0.01368593331426382,
        0.08021862804889679,
        0.2564935088157654,
        0.11174917221069336,
        -0.012777930125594139,
        0.050063956528902054,
        0.0
      ]
    ],
    "source_action_means": [
      [
        -7.69367761677131e-06,
        1.8823685650204425e-06,
        1.1148689736728556e-05,
        -1.0441275662742555e-05,
        2.0860243239440024e-06,
        3.7892377804382704e-06
      ],
      [
        3.240371370338835e-06,
        8.432780305156484e-06,
        -1.2962530036020325e-06,
        1.0130556802323554e-05,
        1.375568217554246e-06,
        -8.018841981538571e-06
      ],
      [
        5.6980879890033975e-06,
        2.406932708254317e-06,
        -7.205519978015218e-06,
        8.335504389833659e-05,
        8.492641427437775e-06,
        -4.596420239977306e-06
      ],
      [
        8.07789638201939e-06,
        2.600493189675035e-06,
        2.861099346773699e-06,
        5.076032721262891e-06,
        1.5705058103776537e-05,
        1.88838857866358e-05
      ],
      [
        2.5236127839889377e-05,
        -2.5054278012248687e-06,
        -3.321733174743713e-06,
        -1.4510050277749542e-05,
        6.100028986111283e-05,
        -4.723601887235418e-05
      ],
      [
        -4.2817380744963884e-05,
        -1.3598538544101757e-06,
        -2.5907245344569674e-06,
        4.093883944733534e-06,
        -1.953687569766771e-05,
        1.8516822819947265e-05
      ],
      [
        7.481532520614564e-06,
        6.995531748543726e-06,
        -3.523438408592483e-06,
        -8.343003173649777e-06,
        -9.786743248696439e-06,
        2.86368540400872e-05
      ],
      [
        -4.391091351862997e-06,
        1.576270915393252e-05,
        -8.22590834559378e-07,
        7.651171358702413e-07,
        -3.0155046260915697e-05,
        -3.6489500416791998e-06
      ],
      [
        8.932616765378043e-06,
        2.950828957182239e-06,
        -1.530759982415475e-05,
        5.777480964752613e-06,
        4.772687316290103e-05,
        2.3911730750114657e-05
      ],
      [
        1.6766956832725555e-05,
        1.0492200090084225e-05,
        -8.974321872301516e-07,
        -5.507161858986365e-06,
        -3.111142723355442e-05,
        -1.0997176786986529e-06
      ],
      [
        8.420629455940798e-06,
        -2.7744641784011037e-07,
        1.991458475458785e-06,
        -7.2698794610914774e-06,
        -1.3945786122349091e-05,
        -7.882523505031713e-07
      ],
      [
        -9.011175279738382e-06,
        3.434432528592879e-06,
        -1.552989147057815e-06,
        -5.153251095180167e-06,
        -1.3126466456014896e-06,
        2.9236211958050262e-06
      ],
      [
        -5.448871434055036e-06,
        5.298188625602052e-07,
        9.147571290668566e-06,
        -5.3677372306992766e-06,
        -8.838074791128747e-06,
        2.980279350595083e-05
      ],
      [
        1.6336520047843806e-06,
        1.3714073929804727e-06,
        8.601591616752557e-06,
        7.803352673363406e-06,
        2.3897478058643173e-06,
        -1.1638322575890925e-05
      ],
      [
        -1.5700428775744513e-05,
        3.1166093776846537e-06,
        1.0169227607548237e-05,
        4.314996658649761e-06,
        -3.7900647384958575e-06,
        -4.7950888983905315e-06
      ],
      [
        8.615083061158657e-06,
        4.294413884053938e-06,
        1.9330152554175584e-06,
        -1.9291033822810277e-05,
        1.231891474162694e-05,
        2.4896489776438102e-06
      ],
      [
        6.0207607930351514e-06,
        -1.1067508239648305e-05,
        -6.90230262989644e-06,
        8.709473149792757e-06,
        1.741987762216013e-05,
        -1.0393635420768987e-05
      ],
      [
        -1.2579636177179054e-06,
        -1.060487102222396e-05,
        -9.148613571596798e-06,
        1.7476056157761377e-08,
        -1.6762900486355647e-05,
        2.74037283816142e-05
      ],
      [
        2.445964582875604e-06,
        -1.1758613709389465e-06,
        5.599466476269299e-06,
        6.401686732715461e-06,
        1.346644239674788e-05,
        5.800765393360052e-06
      ],
      [
        -2.8888509405078366e-05,
        -7.064576038828818e-06,
        -5.895669232813816e-07,
        -6.131813734100433e-06,
        -6.804407894378528e-05,
        -1.8890530554926954e-05
      ],
      [
        5.144394526723772e-05,
        -2.9659572646778543e-06,
        1.305922069150256e-05,
        -1.2278176654945128e-05,
        2.484666219970677e-05,
        6.502276846731547e-06
      ],
      [
        -8.791707841737662e-06,
        -5.109620815346716e-06,
        -1.0741780897660647e-05,
        -1.2185917341867025e-07,
        8.762216566537973e-06,
        -1.0470776032889262e-05
      ],
      [
        5.894389232707908e-06,
        3.103547498994885e-07,
        1.008566869131755e-05,
        -1.1881904356414452e-05,
        -1.0975159966619685e-05,
        3.840128920273855e-05
      ],
      [
        1.4262323020375334e-05,
        -1.4688014289276907e-06,
        -9.089621926250402e-06,
        3.224112106181565e-07,
        2.0872772438451648e-05,
        2.668647539394442e-05
      ],
      [
        1.0862440831260756e-05,
        7.589773304061964e-06,
        -4.165510290476959e-06,
        2.359691507081152e-06,
        4.353544227342354e-06,
        1.6146377674886025e-05
      ],
      [
        -4.330645879235817e-06,
        6.40862663203734e-06,
        6.751500677637523e-06,
        -6.695396677969256e-06,
        -1.989015072467737e-05,
        1.0062974070024211e-05
      ],
      [
        -4.447236733540194e-06,
        2.8772174687219376e-07,
        -1.0876779015234206e-05,
        1.5745104974485002e-05,
        -7.001050107646734e-05,
        2.1778638256364502e-05
      ],
      [
        3.400537707420881e-06,
        -7.347656719502993e-06,
        -2.9930201890238095e-06,
        -2.0265821149223484e-05,
        4.450840060599148e-05,
        -1.4903514966135845e-05
      ],
      [
        2.8381182346493006e-06,
        2.5714889488881454e-06,
        -7.2326974986935966e-06,
        -7.683532203373034e-06,
        -6.197992479428649e-05,
        -4.1525010601617396e-05
      ],
      [
        -6.156375457067043e-05,
        -6.109052037572837e-07,
        -8.980812708614394e-06,
        1.9436665752436966e-05,
        2.3994075490918476e-06,
        -1.685013012320269e-05
      ]
    ]
  },
  "zarr_format": 3,
  "node_type": "group"
}