{
  "shape": [
    55776,
    14
  ],
  "data_type": "float32",
  "chunk_grid": {
    "name": "regular",
    "configuration": {
      "chunk_shape": [
        1024,
        14
      ]
    }
  },
  "chunk_key_encoding": {
    "name": "default",
    "configuration": {
      "separator": "/"
    }
  },
  "fill_value": 0.0,
  "codecs": [
    {
      "name": "bytes",
      "configuration": {
        "endian": "little"
      }
    },
    {
      "name": "zstd",
      "configuration": {
        "level": 0,
        "checksum": false
      }
    }
  ],
  "attributes": {},
  "zarr_format": 3,
  "node_type": "array",
  "storage_transformers": []
}